Karma;7403;805805;;600 ml
Budda;7403;805806;;1000 ml
Rogalik;343;477747;;
PyCharm;3910;902872;;
Maszynowa;3895;806648;;55 cm
Barto≈Çty;2300;899728;;50 cm
Korale;2300;899729;;60 cm
Moleskine;2300;899730;;70 cm
Maczek;2299;899725;;50 cm
Czisburger;2299;899726;;60 cm
Mango;2299;899727;;70 cm
Vegan;8952;917925;;52 cm
Hipsteriada;8952;917926;;59 cm
Parasolki;8952;917927;;66 cm
Mateusz;6228;964959;;50 cm
Bartek;6228;964960;;60 cm
Kapelusz;6228;964961;;70 cm
Dharma;3895;806558;;45 cm
Lama;27018;2207489;;
Sangha;339;477743;;
Termos;17485;946278;;